x,y,z,x1,y1,z1,x2,y2,z2,x3,y3,z3,x4,y4,z4
1.20872,0.685275,0.673,-0.148601,-0.687172,1.5061-0.766788,-0.212271,1.32634-0.408757,0.267778,1.363310.20943,-0.207124,1.54307
1.20285,0.653966,0.714953,-0.148601,-0.687172,1.5061-0.766788,-0.212271,1.32634-0.408757,0.267778,1.363310.20943,-0.207124,1.54307
1.20134,0.617622,0.746238,-0.148601,-0.687172,1.5061-0.766788,-0.212271,1.32634-0.408757,0.267778,1.363310.20943,-0.207124,1.54307
1.19849,0.570224,0.78993,-0.148601,-0.687172,1.5061-0.766788,-0.212271,1.32634-0.408757,0.267778,1.363310.20943,-0.207124,1.54307
1.19724,0.484717,0.855989,-0.148601,-0.687172,1.5061-0.766788,-0.212271,1.32634-0.408757,0.267778,1.363310.20943,-0.207124,1.54307
1.19376,0.434727,0.903623,-0.148601,-0.687172,1.5061-0.766788,-0.212271,1.32634-0.408757,0.267778,1.363310.20943,-0.207124,1.54307
1.19341,0.380101,0.94438,-0.148601,-0.687172,1.5061-0.766788,-0.212271,1.32634-0.408757,0.267778,1.363310.20943,-0.207124,1.54307
1.18724,0.300601,1.02221,-0.148601,-0.687172,1.5061-0.766788,-0.212271,1.32634-0.408757,0.267778,1.363310.20943,-0.207124,1.54307
1.18943,0.237537,1.06074,-0.148601,-0.687172,1.5061-0.766788,-0.212271,1.32634-0.408757,0.267778,1.363310.20943,-0.207124,1.54307
1.18909,0.204671,1.08569,-0.148601,-0.687172,1.5061-0.766788,-0.212271,1.32634-0.408757,0.267778,1.363310.20943,-0.207124,1.54307
1.18406,0.153886,1.13898,-0.148601,-0.687172,1.5061-0.766788,-0.212271,1.32634-0.408757,0.267778,1.363310.20943,-0.207124,1.54307
1.18956,0.140113,1.13092,-0.148601,-0.687172,1.5061-0.766788,-0.212271,1.32634-0.408757,0.267778,1.363310.20943,-0.207124,1.54307
1.27336,-0.00993261,0.964853,-0.148601,-0.687172,1.5061-0.766788,-0.212271,1.32634-0.408757,0.267778,1.363310.20943,-0.207124,1.54307
1.33022,-0.106846,0.848593,-0.148601,-0.687172,1.5061-0.766788,-0.212271,1.32634-0.408757,0.267778,1.363310.20943,-0.207124,1.54307
1.36529,-0.165599,0.776173,-0.148601,-0.687172,1.5061-0.766788,-0.212271,1.32634-0.408757,0.267778,1.363310.20943,-0.207124,1.54307
1.38306,-0.189439,0.735154,-0.148601,-0.687172,1.5061-0.766788,-0.212271,1.32634-0.408757,0.267778,1.363310.20943,-0.207124,1.54307
1.39411,-0.201209,0.707472,-0.148601,-0.687172,1.5061-0.766788,-0.212271,1.32634-0.408757,0.267778,1.363310.20943,-0.207124,1.54307
1.39955,-0.169889,0.666913,-0.148601,-0.687172,1.5061-0.766788,-0.212271,1.32634-0.408757,0.267778,1.363310.20943,-0.207124,1.54307
1.40204,-0.103224,0.610451,-0.148601,-0.687172,1.5061-0.766788,-0.212271,1.32634-0.408757,0.267778,1.363310.20943,-0.207124,1.54307
1.40475,-0.0640449,0.573178,-0.148601,-0.687172,1.5061-0.766788,-0.212271,1.32634-0.408757,0.267778,1.363310.20943,-0.207124,1.54307
1.40789,-0.026698,0.535797,-0.148601,-0.687172,1.5061-0.766788,-0.212271,1.32634-0.408757,0.267778,1.363310.20943,-0.207124,1.54307
1.41032,0.00785002,0.502793,-0.148601,-0.687172,1.5061-0.766788,-0.212271,1.32634-0.408757,0.267778,1.363310.20943,-0.207124,1.54307
1.41111,0.0493616,0.470119,-0.148601,-0.687172,1.5061-0.766788,-0.212271,1.32634-0.408757,0.267778,1.363310.20943,-0.207124,1.54307
1.41066,0.10025,0.434725,-0.148601,-0.687172,1.5061-0.766788,-0.212271,1.32634-0.408757,0.267778,1.363310.20943,-0.207124,1.54307
1.41124,0.227936,0.340292,-0.148601,-0.687172,1.5061-0.766788,-0.212271,1.32634-0.408757,0.267778,1.363310.20943,-0.207124,1.54307
1.41544,0.257875,0.304828,-0.148601,-0.687172,1.5061-0.766788,-0.212271,1.32634-0.408757,0.267778,1.363310.20943,-0.207124,1.54307
1.41326,0.2955,0.28469,-0.148601,-0.687172,1.5061-0.766788,-0.212271,1.32634-0.408757,0.267778,1.363310.20943,-0.207124,1.54307
1.4137,0.361375,0.235518,-0.148601,-0.687172,1.5061-0.766788,-0.212271,1.32634-0.408757,0.267778,1.363310.20943,-0.207124,1.54307
1.3983,0.429951,0.236312,-0.148601,-0.687172,1.5061-0.766788,-0.212271,1.32634-0.408757,0.267778,1.363310.20943,-0.207124,1.54307
1.33628,0.553201,0.350378,-0.148601,-0.687172,1.5061-0.766788,-0.212271,1.32634-0.408757,0.267778,1.363310.20943,-0.207124,1.54307
1.29006,0.627234,0.448323,-0.148601,-0.687172,1.5061-0.766788,-0.212271,1.32634-0.408757,0.267778,1.363310.20943,-0.207124,1.54307
1.18898,0.142983,1.13174,-0.148367,-0.687232,1.50489-0.766967,-0.212141,1.32707-0.40894,0.267904,1.364120.20966,-0.207187,1.54195
1.21179,0.0931597,1.09298,-0.148367,-0.687232,1.50489-0.766967,-0.212141,1.32707-0.40894,0.267904,1.364120.20966,-0.207187,1.54195
1.25961,0.0162387,0.99171,-0.148367,-0.687232,1.50489-0.766967,-0.212141,1.32707-0.40894,0.267904,1.364120.20966,-0.207187,1.54195
1.28337,-0.0285808,0.946198,-0.148367,-0.687232,1.50489-0.766967,-0.212141,1.32707-0.40894,0.267904,1.364120.20966,-0.207187,1.54195
1.31259,-0.0642082,0.876093,-0.148367,-0.687232,1.50489-0.766967,-0.212141,1.32707-0.40894,0.267904,1.364120.20966,-0.207187,1.54195
1.36993,-0.170236,0.764674,-0.148367,-0.687232,1.50489-0.766967,-0.212141,1.32707-0.40894,0.267904,1.364120.20966,-0.207187,1.54195
1.39181,-0.201599,0.715553,-0.148367,-0.687232,1.50489-0.766967,-0.212141,1.32707-0.40894,0.267904,1.364120.20966,-0.207187,1.54195
1.40363,-0.207213,0.680847,-0.148367,-0.687232,1.50489-0.766967,-0.212141,1.32707-0.40894,0.267904,1.364120.20966,-0.207187,1.54195
1.4026,-0.143984,0.638402,-0.148367,-0.687232,1.50489-0.766967,-0.212141,1.32707-0.40894,0.267904,1.364120.20966,-0.207187,1.54195
1.40248,-0.0457906,0.567669,-0.148367,-0.687232,1.50489-0.766967,-0.212141,1.32707-0.40894,0.267904,1.364120.20966,-0.207187,1.54195
1.40556,-0.00743544,0.529779,-0.148367,-0.687232,1.50489-0.766967,-0.212141,1.32707-0.40894,0.267904,1.364120.20966,-0.207187,1.54195
1.40605,0.0179963,0.509756,-0.148367,-0.687232,1.50489-0.766967,-0.212141,1.32707-0.40894,0.267904,1.364120.20966,-0.207187,1.54195
1.40728,0.0581649,0.476608,-0.148367,-0.687232,1.50489-0.766967,-0.212141,1.32707-0.40894,0.267904,1.364120.20966,-0.207187,1.54195
1.40724,0.102936,0.444292,-0.148367,-0.687232,1.50489-0.766967,-0.212141,1.32707-0.40894,0.267904,1.364120.20966,-0.207187,1.54195
1.40614,0.154913,0.410261,-0.148367,-0.687232,1.50489-0.766967,-0.212141,1.32707-0.40894,0.267904,1.364120.20966,-0.207187,1.54195
1.41197,0.219992,0.343989,-0.148367,-0.687232,1.50489-0.766967,-0.212141,1.32707-0.40894,0.267904,1.364120.20966,-0.207187,1.54195
1.41459,0.240234,0.320703,-0.148367,-0.687232,1.50489-0.766967,-0.212141,1.32707-0.40894,0.267904,1.364120.20966,-0.207187,1.54195
1.41401,0.339326,0.250831,-0.148367,-0.687232,1.50489-0.766967,-0.212141,1.32707-0.40894,0.267904,1.364120.20966,-0.207187,1.54195
1.41754,0.382174,0.208198,-0.148367,-0.687232,1.50489-0.766967,-0.212141,1.32707-0.40894,0.267904,1.364120.20966,-0.207187,1.54195
1.40823,0.414154,0.215593,-0.148367,-0.687232,1.50489-0.766967,-0.212141,1.32707-0.40894,0.267904,1.364120.20966,-0.207187,1.54195
1.38385,0.474553,0.251862,-0.148367,-0.687232,1.50489-0.766967,-0.212141,1.32707-0.40894,0.267904,1.364120.20966,-0.207187,1.54195
1.36692,0.496673,0.291407,-0.148367,-0.687232,1.50489-0.766967,-0.212141,1.32707-0.40894,0.267904,1.364120.20966,-0.207187,1.54195
1.32954,0.568056,0.362415,-0.148367,-0.687232,1.50489-0.766967,-0.212141,1.32707-0.40894,0.267904,1.364120.20966,-0.207187,1.54195
1.28201,0.643899,0.46348,-0.148367,-0.687232,1.50489-0.766967,-0.212141,1.32707-0.40894,0.267904,1.364120.20966,-0.207187,1.54195
1.24682,0.702726,0.536382,-0.148367,-0.687232,1.50489-0.766967,-0.212141,1.32707-0.40894,0.267904,1.364120.20966,-0.207187,1.54195
1.23893,0.719778,0.549932,-0.148367,-0.687232,1.50489-0.766967,-0.212141,1.32707-0.40894,0.267904,1.364120.20966,-0.207187,1.54195
1.20859,0.71791,0.650875,-0.148367,-0.687232,1.50489-0.766967,-0.212141,1.32707-0.40894,0.267904,1.364120.20966,-0.207187,1.54195
1.20636,0.678522,0.68672,-0.148367,-0.687232,1.50489-0.766967,-0.212141,1.32707-0.40894,0.267904,1.364120.20966,-0.207187,1.54195
1.20269,0.645139,0.722953,-0.148367,-0.687232,1.50489-0.766967,-0.212141,1.32707-0.40894,0.267904,1.364120.20966,-0.207187,1.54195
1.19701,0.565678,0.799175,-0.148367,-0.687232,1.50489-0.766967,-0.212141,1.32707-0.40894,0.267904,1.364120.20966,-0.207187,1.54195
1.19447,0.521779,0.839315,-0.148367,-0.687232,1.50489-0.766967,-0.212141,1.32707-0.40894,0.267904,1.364120.20966,-0.207187,1.54195
1.19287,0.469088,0.882742,-0.148367,-0.687232,1.50489-0.766967,-0.212141,1.32707-0.40894,0.267904,1.364120.20966,-0.207187,1.54195
1.19334,0.40631,0.926667,-0.148367,-0.687232,1.50489-0.766967,-0.212141,1.32707-0.40894,0.267904,1.364120.20966,-0.207187,1.54195
1.19253,0.348455,0.971247,-0.148367,-0.687232,1.50489-0.766967,-0.212141,1.32707-0.40894,0.267904,1.364120.20966,-0.207187,1.54195
1.1909,0.312301,1.0028,-0.148367,-0.687232,1.50489-0.766967,-0.212141,1.32707-0.40894,0.267904,1.364120.20966,-0.207187,1.54195
1.18696,0.241653,1.0669,-0.148367,-0.687232,1.50489-0.766967,-0.212141,1.32707-0.40894,0.267904,1.364120.20966,-0.207187,1.54195
1.18369,0.158593,1.13782,-0.148367,-0.687232,1.50489-0.766967,-0.212141,1.32707-0.40894,0.267904,1.364120.20966,-0.207187,1.54195
1.20872,0.685275,0.673,-0.148601,-0.687172,1.5061-0.766788,-0.212271,1.32634-0.408757,0.267778,1.363310.20943,-0.207124,1.54307
1.20285,0.653966,0.714953,-0.148601,-0.687172,1.5061-0.766788,-0.212271,1.32634-0.408757,0.267778,1.363310.20943,-0.207124,1.54307
1.20134,0.617622,0.746238,-0.148601,-0.687172,1.5061-0.766788,-0.212271,1.32634-0.408757,0.267778,1.363310.20943,-0.207124,1.54307
1.19849,0.570224,0.78993,-0.148601,-0.687172,1.5061-0.766788,-0.212271,1.32634-0.408757,0.267778,1.363310.20943,-0.207124,1.54307
1.19724,0.484717,0.855989,-0.148601,-0.687172,1.5061-0.766788,-0.212271,1.32634-0.408757,0.267778,1.363310.20943,-0.207124,1.54307
1.19376,0.434727,0.903623,-0.148601,-0.687172,1.5061-0.766788,-0.212271,1.32634-0.408757,0.267778,1.363310.20943,-0.207124,1.54307
1.19341,0.380101,0.94438,-0.148601,-0.687172,1.5061-0.766788,-0.212271,1.32634-0.408757,0.267778,1.363310.20943,-0.207124,1.54307
1.18724,0.300601,1.02221,-0.148601,-0.687172,1.5061-0.766788,-0.212271,1.32634-0.408757,0.267778,1.363310.20943,-0.207124,1.54307
1.18943,0.237537,1.06074,-0.148601,-0.687172,1.5061-0.766788,-0.212271,1.32634-0.408757,0.267778,1.363310.20943,-0.207124,1.54307
1.18909,0.204671,1.08569,-0.148601,-0.687172,1.5061-0.766788,-0.212271,1.32634-0.408757,0.267778,1.363310.20943,-0.207124,1.54307
1.18406,0.153886,1.13898,-0.148601,-0.687172,1.5061-0.766788,-0.212271,1.32634-0.408757,0.267778,1.363310.20943,-0.207124,1.54307
1.18956,0.140113,1.13092,-0.148601,-0.687172,1.5061-0.766788,-0.212271,1.32634-0.408757,0.267778,1.363310.20943,-0.207124,1.54307
1.27336,-0.00993261,0.964853,-0.148601,-0.687172,1.5061-0.766788,-0.212271,1.32634-0.408757,0.267778,1.363310.20943,-0.207124,1.54307
1.33022,-0.106846,0.848593,-0.148601,-0.687172,1.5061-0.766788,-0.212271,1.32634-0.408757,0.267778,1.363310.20943,-0.207124,1.54307
1.36529,-0.165599,0.776173,-0.148601,-0.687172,1.5061-0.766788,-0.212271,1.32634-0.408757,0.267778,1.363310.20943,-0.207124,1.54307
1.38306,-0.189439,0.735154,-0.148601,-0.687172,1.5061-0.766788,-0.212271,1.32634-0.408757,0.267778,1.363310.20943,-0.207124,1.54307
1.39411,-0.201209,0.707472,-0.148601,-0.687172,1.5061-0.766788,-0.212271,1.32634-0.408757,0.267778,1.363310.20943,-0.207124,1.54307
1.39955,-0.169889,0.666913,-0.148601,-0.687172,1.5061-0.766788,-0.212271,1.32634-0.408757,0.267778,1.363310.20943,-0.207124,1.54307
1.40204,-0.103224,0.610451,-0.148601,-0.687172,1.5061-0.766788,-0.212271,1.32634-0.408757,0.267778,1.363310.20943,-0.207124,1.54307
1.40475,-0.0640449,0.573178,-0.148601,-0.687172,1.5061-0.766788,-0.212271,1.32634-0.408757,0.267778,1.363310.20943,-0.207124,1.54307
1.40789,-0.026698,0.535797,-0.148601,-0.687172,1.5061-0.766788,-0.212271,1.32634-0.408757,0.267778,1.363310.20943,-0.207124,1.54307
1.41032,0.00785002,0.502793,-0.148601,-0.687172,1.5061-0.766788,-0.212271,1.32634-0.408757,0.267778,1.363310.20943,-0.207124,1.54307
1.41111,0.0493616,0.470119,-0.148601,-0.687172,1.5061-0.766788,-0.212271,1.32634-0.408757,0.267778,1.363310.20943,-0.207124,1.54307
1.41066,0.10025,0.434725,-0.148601,-0.687172,1.5061-0.766788,-0.212271,1.32634-0.408757,0.267778,1.363310.20943,-0.207124,1.54307
1.41124,0.227936,0.340292,-0.148601,-0.687172,1.5061-0.766788,-0.212271,1.32634-0.408757,0.267778,1.363310.20943,-0.207124,1.54307
1.41544,0.257875,0.304828,-0.148601,-0.687172,1.5061-0.766788,-0.212271,1.32634-0.408757,0.267778,1.363310.20943,-0.207124,1.54307
1.41326,0.2955,0.28469,-0.148601,-0.687172,1.5061-0.766788,-0.212271,1.32634-0.408757,0.267778,1.363310.20943,-0.207124,1.54307
1.4137,0.361375,0.235518,-0.148601,-0.687172,1.5061-0.766788,-0.212271,1.32634-0.408757,0.267778,1.363310.20943,-0.207124,1.54307
1.3983,0.429951,0.236312,-0.148601,-0.687172,1.5061-0.766788,-0.212271,1.32634-0.408757,0.267778,1.363310.20943,-0.207124,1.54307
1.33628,0.553201,0.350378,-0.148601,-0.687172,1.5061-0.766788,-0.212271,1.32634-0.408757,0.267778,1.363310.20943,-0.207124,1.54307
1.29006,0.627234,0.448323,-0.148601,-0.687172,1.5061-0.766788,-0.212271,1.32634-0.408757,0.267778,1.363310.20943,-0.207124,1.54307
1.18677,0.156282,1.13375,-0.148223,-0.687062,1.5051-0.76706,-0.212189,1.32752-0.408945,0.267886,1.363330.209893,-0.206988,1.54091
1.19427,0.122838,1.13351,-0.148223,-0.687062,1.5051-0.76706,-0.212189,1.32752-0.408945,0.267886,1.363330.209893,-0.206988,1.54091
1.22035,0.0937448,1.06874,-0.148223,-0.687062,1.5051-0.76706,-0.212189,1.32752-0.408945,0.267886,1.363330.209893,-0.206988,1.54091
1.24663,0.0540279,1.01113,-0.148223,-0.687062,1.5051-0.76706,-0.212189,1.32752-0.408945,0.267886,1.363330.209893,-0.206988,1.54091
1.28398,-0.0112277,0.93569,-0.148223,-0.687062,1.5051-0.76706,-0.212189,1.32752-0.408945,0.267886,1.363330.209893,-0.206988,1.54091
1.30784,-0.0687013,0.899044,-0.148223,-0.687062,1.5051-0.76706,-0.212189,1.32752-0.408945,0.267886,1.363330.209893,-0.206988,1.54091
1.32711,-0.0963084,0.855669,-0.148223,-0.687062,1.5051-0.76706,-0.212189,1.32752-0.408945,0.267886,1.363330.209893,-0.206988,1.54091
1.37411,-0.165866,0.751546,-0.148223,-0.687062,1.5051-0.76706,-0.212189,1.32752-0.408945,0.267886,1.363330.209893,-0.206988,1.54091
1.39813,-0.167971,0.673766,-0.148223,-0.687062,1.5051-0.76706,-0.212189,1.32752-0.408945,0.267886,1.363330.209893,-0.206988,1.54091
1.40547,-0.138562,0.62796,-0.148223,-0.687062,1.5051-0.76706,-0.212189,1.32752-0.408945,0.267886,1.363330.209893,-0.206988,1.54091
1.40582,-0.0900399,0.591219,-0.148223,-0.687062,1.5051-0.76706,-0.212189,1.32752-0.408945,0.267886,1.363330.209893,-0.206988,1.54091
1.40607,-0.045652,0.557838,-0.148223,-0.687062,1.5051-0.76706,-0.212189,1.32752-0.408945,0.267886,1.363330.209893,-0.206988,1.54091
1.40776,-0.00449735,0.522048,-0.148223,-0.687062,1.5051-0.76706,-0.212189,1.32752-0.408945,0.267886,1.363330.209893,-0.206988,1.54091
1.41145,0.130878,0.41056,-0.148223,-0.687062,1.5051-0.76706,-0.212189,1.32752-0.408945,0.267886,1.363330.209893,-0.206988,1.54091
1.41461,0.207136,0.344186,-0.148223,-0.687062,1.5051-0.76706,-0.212189,1.32752-0.408945,0.267886,1.363330.209893,-0.206988,1.54091
1.41121,0.269492,0.309671,-0.148223,-0.687062,1.5051-0.76706,-0.212189,1.32752-0.408945,0.267886,1.363330.209893,-0.206988,1.54091
1.41676,0.338392,0.240808,-0.148223,-0.687062,1.5051-0.76706,-0.212189,1.32752-0.408945,0.267886,1.363330.209893,-0.206988,1.54091
1.41505,0.372566,0.221408,-0.148223,-0.687062,1.5051-0.76706,-0.212189,1.32752-0.408945,0.267886,1.363330.209893,-0.206988,1.54091
1.41516,0.41326,0.191174,-0.148223,-0.687062,1.5051-0.76706,-0.212189,1.32752-0.408945,0.267886,1.363330.209893,-0.206988,1.54091
1.40172,0.434938,0.219642,-0.148223,-0.687062,1.5051-0.76706,-0.212189,1.32752-0.408945,0.267886,1.363330.209893,-0.206988,1.54091
1.35699,0.505443,0.315604,-0.148223,-0.687062,1.5051-0.76706,-0.212189,1.32752-0.408945,0.267886,1.363330.209893,-0.206988,1.54091
1.34965,0.5167,0.331591,-0.148223,-0.687062,1.5051-0.76706,-0.212189,1.32752-0.408945,0.267886,1.363330.209893,-0.206988,1.54091
1.3149,0.588312,0.393788,-0.148223,-0.687062,1.5051-0.76706,-0.212189,1.32752-0.408945,0.267886,1.363330.209893,-0.206988,1.54091
1.29942,0.603538,0.433733,-0.148223,-0.687062,1.5051-0.76706,-0.212189,1.32752-0.408945,0.267886,1.363330.209893,-0.206988,1.54091
1.24177,0.714061,0.542994,-0.148223,-0.687062,1.5051-0.76706,-0.212189,1.32752-0.408945,0.267886,1.363330.209893,-0.206988,1.54091
1.21357,0.763572,0.599779,-0.148223,-0.687062,1.5051-0.76706,-0.212189,1.32752-0.408945,0.267886,1.363330.209893,-0.206988,1.54091
1.20652,0.756781,0.628065,-0.148223,-0.687062,1.5051-0.76706,-0.212189,1.32752-0.408945,0.267886,1.363330.209893,-0.206988,1.54091
1.20487,0.716194,0.663264,-0.148223,-0.687062,1.5051-0.76706,-0.212189,1.32752-0.408945,0.267886,1.363330.209893,-0.206988,1.54091
1.20244,0.60043,0.756223,-0.148223,-0.687062,1.5051-0.76706,-0.212189,1.32752-0.408945,0.267886,1.363330.209893,-0.206988,1.54091
1.19773,0.578274,0.78801,-0.148223,-0.687062,1.5051-0.76706,-0.212189,1.32752-0.408945,0.267886,1.363330.209893,-0.206988,1.54091
1.19528,0.51495,0.842569,-0.148223,-0.687062,1.5051-0.76706,-0.212189,1.32752-0.408945,0.267886,1.363330.209893,-0.206988,1.54091
1.19319,0.48282,0.873028,-0.148223,-0.687062,1.5051-0.76706,-0.212189,1.32752-0.408945,0.267886,1.363330.209893,-0.206988,1.54091
1.19054,0.34801,0.98065,-0.148223,-0.687062,1.5051-0.76706,-0.212189,1.32752-0.408945,0.267886,1.363330.209893,-0.206988,1.54091
1.18811,0.285913,1.03424,-0.148223,-0.687062,1.5051-0.76706,-0.212189,1.32752-0.408945,0.267886,1.363330.209893,-0.206988,1.54091
1.18409,0.21091,1.10251,-0.148223,-0.687062,1.5051-0.76706,-0.212189,1.32752-0.408945,0.267886,1.363330.209893,-0.206988,1.54091
1.40734,-0.0771682,0.571515,-0.148296,-0.687082,1.50498-0.766799,-0.212214,1.32622-0.408872,0.267909,1.363240.209631,-0.206958,1.54199
1.40229,-0.145157,0.637784,-0.148296,-0.687082,1.50498-0.766799,-0.212214,1.32622-0.408872,0.267909,1.363240.209631,-0.206958,1.54199
1.39715,-0.181869,0.681553,-0.148296,-0.687082,1.50498-0.766799,-0.212214,1.32622-0.408872,0.267909,1.363240.209631,-0.206958,1.54199
1.38803,-0.193578,0.720326,-0.148296,-0.687082,1.50498-0.766799,-0.212214,1.32622-0.408872,0.267909,1.363240.209631,-0.206958,1.54199
1.37768,-0.171751,0.738714,-0.148296,-0.687082,1.50498-0.766799,-0.212214,1.32622-0.408872,0.267909,1.363240.209631,-0.206958,1.54199
1.34549,-0.115477,0.804465,-0.148296,-0.687082,1.50498-0.766799,-0.212214,1.32622-0.408872,0.267909,1.363240.209631,-0.206958,1.54199
1.32658,-0.0923348,0.850286,-0.148296,-0.687082,1.50498-0.766799,-0.212214,1.32622-0.408872,0.267909,1.363240.209631,-0.206958,1.54199
1.30498,-0.0522252,0.892691,-0.148296,-0.687082,1.50498-0.766799,-0.212214,1.32622-0.408872,0.267909,1.363240.209631,-0.206958,1.54199
1.28715,-0.0219896,0.92976,-0.148296,-0.687082,1.50498-0.766799,-0.212214,1.32622-0.408872,0.267909,1.363240.209631,-0.206958,1.54199
1.26397,0.009312,0.983801,-0.148296,-0.687082,1.50498-0.766799,-0.212214,1.32622-0.408872,0.267909,1.363240.209631,-0.206958,1.54199
1.23864,0.0510195,1.0374,-0.148296,-0.687082,1.50498-0.766799,-0.212214,1.32622-0.408872,0.267909,1.363240.209631,-0.206958,1.54199
1.21011,0.109002,1.08975,-0.148296,-0.687082,1.50498-0.766799,-0.212214,1.32622-0.408872,0.267909,1.363240.209631,-0.206958,1.54199
1.19767,0.130806,1.11511,-0.148296,-0.687082,1.50498-0.766799,-0.212214,1.32622-0.408872,0.267909,1.363240.209631,-0.206958,1.54199
1.19183,0.157183,1.11525,-0.148296,-0.687082,1.50498-0.766799,-0.212214,1.32622-0.408872,0.267909,1.363240.209631,-0.206958,1.54199
1.18533,0.196731,1.108,-0.148296,-0.687082,1.50498-0.766799,-0.212214,1.32622-0.408872,0.267909,1.363240.209631,-0.206958,1.54199
1.18685,0.225945,1.08167,-0.148296,-0.687082,1.50498-0.766799,-0.212214,1.32622-0.408872,0.267909,1.363240.209631,-0.206958,1.54199
1.1932,0.283803,1.01847,-0.148296,-0.687082,1.50498-0.766799,-0.212214,1.32622-0.408872,0.267909,1.363240.209631,-0.206958,1.54199
1.19211,0.351607,0.972715,-0.148296,-0.687082,1.50498-0.766799,-0.212214,1.32622-0.408872,0.267909,1.363240.209631,-0.206958,1.54199
1.19961,0.439573,0.883787,-0.148296,-0.687082,1.50498-0.766799,-0.212214,1.32622-0.408872,0.267909,1.363240.209631,-0.206958,1.54199
1.19864,0.484481,0.854288,-0.148296,-0.687082,1.50498-0.766799,-0.212214,1.32622-0.408872,0.267909,1.363240.209631,-0.206958,1.54199
1.19932,0.53107,0.818097,-0.148296,-0.687082,1.50498-0.766799,-0.212214,1.32622-0.408872,0.267909,1.363240.209631,-0.206958,1.54199
1.20107,0.580432,0.77634,-0.148296,-0.687082,1.50498-0.766799,-0.212214,1.32622-0.408872,0.267909,1.363240.209631,-0.206958,1.54199
1.19856,0.638344,0.742472,-0.148296,-0.687082,1.50498-0.766799,-0.212214,1.32622-0.408872,0.267909,1.363240.209631,-0.206958,1.54199
1.20298,0.671315,0.703805,-0.148296,-0.687082,1.50498-0.766799,-0.212214,1.32622-0.408872,0.267909,1.363240.209631,-0.206958,1.54199
1.20107,0.763356,0.643116,-0.148296,-0.687082,1.50498-0.766799,-0.212214,1.32622-0.408872,0.267909,1.363240.209631,-0.206958,1.54199
1.20723,0.763929,0.622275,-0.148296,-0.687082,1.50498-0.766799,-0.212214,1.32622-0.408872,0.267909,1.363240.209631,-0.206958,1.54199
1.21341,0.765651,0.600521,-0.148296,-0.687082,1.50498-0.766799,-0.212214,1.32622-0.408872,0.267909,1.363240.209631,-0.206958,1.54199
1.22788,0.739291,0.571772,-0.148296,-0.687082,1.50498-0.766799,-0.212214,1.32622-0.408872,0.267909,1.363240.209631,-0.206958,1.54199
1.27126,0.660156,0.485587,-0.148296,-0.687082,1.50498-0.766799,-0.212214,1.32622-0.408872,0.267909,1.363240.209631,-0.206958,1.54199
1.31412,0.589807,0.394735,-0.148296,-0.687082,1.50498-0.766799,-0.212214,1.32622-0.408872,0.267909,1.363240.209631,-0.206958,1.54199
1.31852,0.581084,0.386504,-0.148296,-0.687082,1.50498-0.766799,-0.212214,1.32622-0.408872,0.267909,1.363240.209631,-0.206958,1.54199
1.35994,0.503569,0.305663,-0.148296,-0.687082,1.50498-0.766799,-0.212214,1.32622-0.408872,0.267909,1.363240.209631,-0.206958,1.54199
1.37687,0.480918,0.266023,-0.148296,-0.687082,1.50498-0.766799,-0.212214,1.32622-0.408872,0.267909,1.363240.209631,-0.206958,1.54199
1.39504,0.453592,0.225694,-0.148296,-0.687082,1.50498-0.766799,-0.212214,1.32622-0.408872,0.267909,1.363240.209631,-0.206958,1.54199
1.40954,0.426284,0.197526,-0.148296,-0.687082,1.50498-0.766799,-0.212214,1.32622-0.408872,0.267909,1.363240.209631,-0.206958,1.54199
1.41518,0.392668,0.203306,-0.148296,-0.687082,1.50498-0.766799,-0.212214,1.32622-0.408872,0.267909,1.363240.209631,-0.206958,1.54199
1.41522,0.307268,0.265368,-0.148296,-0.687082,1.50498-0.766799,-0.212214,1.32622-0.408872,0.267909,1.363240.209631,-0.206958,1.54199
1.41187,0.273509,0.301072,-0.148296,-0.687082,1.50498-0.766799,-0.212214,1.32622-0.408872,0.267909,1.363240.209631,-0.206958,1.54199
1.41075,0.186363,0.368244,-0.148296,-0.687082,1.50498-0.766799,-0.212214,1.32622-0.408872,0.267909,1.363240.209631,-0.206958,1.54199
1.405,0.130658,0.427904,-0.148296,-0.687082,1.50498-0.766799,-0.212214,1.32622-0.408872,0.267909,1.363240.209631,-0.206958,1.54199
1.40491,0.0890783,0.458481,-0.148296,-0.687082,1.50498-0.766799,-0.212214,1.32622-0.408872,0.267909,1.363240.209631,-0.206958,1.54199
1.40573,0.0712593,0.468729,-0.148296,-0.687082,1.50498-0.766799,-0.212214,1.32622-0.408872,0.267909,1.363240.209631,-0.206958,1.54199
1.40532,0.0247284,0.504,-0.148296,-0.687082,1.50498-0.766799,-0.212214,1.32622-0.408872,0.267909,1.363240.209631,-0.206958,1.54199
1.40376,-0.0138322,0.53723,-0.148296,-0.687082,1.50498-0.766799,-0.212214,1.32622-0.408872,0.267909,1.363240.209631,-0.206958,1.54199
1.31619,0.583265,0.392625,-0.148368,-0.687142,1.50539-0.766867,-0.212292,1.32657-0.408899,0.267819,1.363350.2096,-0.207031,1.54217
1.27893,0.644873,0.470195,-0.148368,-0.687142,1.50539-0.766867,-0.212292,1.32657-0.408899,0.267819,1.363350.2096,-0.207031,1.54217
1.25641,0.687199,0.51338,-0.148368,-0.687142,1.50539-0.766867,-0.212292,1.32657-0.408899,0.267819,1.363350.2096,-0.207031,1.54217
1.20466,0.761038,0.629682,-0.148368,-0.687142,1.50539-0.766867,-0.212292,1.32657-0.408899,0.267819,1.363350.2096,-0.207031,1.54217
1.20479,0.715729,0.662368,-0.148368,-0.687142,1.50539-0.766867,-0.212292,1.32657-0.408899,0.267819,1.363350.2096,-0.207031,1.54217
1.2024,0.678975,0.697073,-0.148368,-0.687142,1.50539-0.766867,-0.212292,1.32657-0.408899,0.267819,1.363350.2096,-0.207031,1.54217
1.20376,0.62228,0.734015,-0.148368,-0.687142,1.50539-0.766867,-0.212292,1.32657-0.408899,0.267819,1.363350.2096,-0.207031,1.54217
1.20268,0.58893,0.761904,-0.148368,-0.687142,1.50539-0.766867,-0.212292,1.32657-0.408899,0.267819,1.363350.2096,-0.207031,1.54217
1.20076,0.555837,0.792407,-0.148368,-0.687142,1.50539-0.766867,-0.212292,1.32657-0.408899,0.267819,1.363350.2096,-0.207031,1.54217
1.19913,0.537251,0.811344,-0.148368,-0.687142,1.50539-0.766867,-0.212292,1.32657-0.408899,0.267819,1.363350.2096,-0.207031,1.54217
1.19834,0.483742,0.853016,-0.148368,-0.687142,1.50539-0.766867,-0.212292,1.32657-0.408899,0.267819,1.363350.2096,-0.207031,1.54217
1.19347,0.440659,0.900533,-0.148368,-0.687142,1.50539-0.766867,-0.212292,1.32657-0.408899,0.267819,1.363350.2096,-0.207031,1.54217
1.19391,0.377091,0.945493,-0.148368,-0.687142,1.50539-0.766867,-0.212292,1.32657-0.408899,0.267819,1.363350.2096,-0.207031,1.54217
1.19069,0.336708,0.985601,-0.148368,-0.687142,1.50539-0.766867,-0.212292,1.32657-0.408899,0.267819,1.363350.2096,-0.207031,1.54217
1.18976,0.265611,1.04057,-0.148368,-0.687142,1.50539-0.766867,-0.212292,1.32657-0.408899,0.267819,1.363350.2096,-0.207031,1.54217
1.18999,0.256885,1.04621,-0.148368,-0.687142,1.50539-0.766867,-0.212292,1.32657-0.408899,0.267819,1.363350.2096,-0.207031,1.54217
1.18703,0.182118,1.11053,-0.148368,-0.687142,1.50539-0.766867,-0.212292,1.32657-0.408899,0.267819,1.363350.2096,-0.207031,1.54217
1.18586,0.172856,1.12117,-0.148368,-0.687142,1.50539-0.766867,-0.212292,1.32657-0.408899,0.267819,1.363350.2096,-0.207031,1.54217
1.19167,0.145481,1.12203,-0.148368,-0.687142,1.50539-0.766867,-0.212292,1.32657-0.408899,0.267819,1.363350.2096,-0.207031,1.54217
1.20097,0.115767,1.11316,-0.148368,-0.687142,1.50539-0.766867,-0.212292,1.32657-0.408899,0.267819,1.363350.2096,-0.207031,1.54217
1.22663,0.0743582,1.05897,-0.148368,-0.687142,1.50539-0.766867,-0.212292,1.32657-0.408899,0.267819,1.363350.2096,-0.207031,1.54217
1.24941,0.041311,1.00816,-0.148368,-0.687142,1.50539-0.766867,-0.212292,1.32657-0.408899,0.267819,1.363350.2096,-0.207031,1.54217
1.27344,0.000430107,0.958958,-0.148368,-0.687142,1.50539-0.766867,-0.212292,1.32657-0.408899,0.267819,1.363350.2096,-0.207031,1.54217
1.30199,-0.0491136,0.901214,-0.148368,-0.687142,1.50539-0.766867,-0.212292,1.32657-0.408899,0.267819,1.363350.2096,-0.207031,1.54217
1.34179,-0.126268,0.826633,-0.148368,-0.687142,1.50539-0.766867,-0.212292,1.32657-0.408899,0.267819,1.363350.2096,-0.207031,1.54217
1.35954,-0.144438,0.781508,-0.148368,-0.687142,1.50539-0.766867,-0.212292,1.32657-0.408899,0.267819,1.363350.2096,-0.207031,1.54217
1.38948,-0.189561,0.71597,-0.148368,-0.687142,1.50539-0.766867,-0.212292,1.32657-0.408899,0.267819,1.363350.2096,-0.207031,1.54217
1.40166,-0.202187,0.685113,-0.148368,-0.687142,1.50539-0.766867,-0.212292,1.32657-0.408899,0.267819,1.363350.2096,-0.207031,1.54217
1.40718,-0.179292,0.650231,-0.148368,-0.687142,1.50539-0.766867,-0.212292,1.32657-0.408899,0.267819,1.363350.2096,-0.207031,1.54217
1.4047,-0.107069,0.605644,-0.148368,-0.687142,1.50539-0.766867,-0.212292,1.32657-0.408899,0.267819,1.363350.2096,-0.207031,1.54217
1.40475,-0.0649435,0.574708,-0.148368,-0.687142,1.50539-0.766867,-0.212292,1.32657-0.408899,0.267819,1.363350.2096,-0.207031,1.54217
1.41044,0.035653,0.482525,-0.148368,-0.687142,1.50539-0.766867,-0.212292,1.32657-0.408899,0.267819,1.363350.2096,-0.207031,1.54217
1.41079,0.0802856,0.44876,-0.148368,-0.687142,1.50539-0.766867,-0.212292,1.32657-0.408899,0.267819,1.363350.2096,-0.207031,1.54217
1.40975,0.128942,0.416658,-0.148368,-0.687142,1.50539-0.766867,-0.212292,1.32657-0.408899,0.267819,1.363350.2096,-0.207031,1.54217
1.40807,0.182681,0.382932,-0.148368,-0.687142,1.50539-0.766867,-0.212292,1.32657-0.408899,0.267819,1.363350.2096,-0.207031,1.54217
1.41052,0.228669,0.341285,-0.148368,-0.687142,1.50539-0.766867,-0.212292,1.32657-0.408899,0.267819,1.363350.2096,-0.207031,1.54217
1.41168,0.283372,0.29751,-0.148368,-0.687142,1.50539-0.766867,-0.212292,1.32657-0.408899,0.267819,1.363350.2096,-0.207031,1.54217
1.41419,0.320708,0.26197,-0.148368,-0.687142,1.50539-0.766867,-0.212292,1.32657-0.408899,0.267819,1.363350.2096,-0.207031,1.54217
1.41704,0.357341,0.225836,-0.148368,-0.687142,1.50539-0.766867,-0.212292,1.32657-0.408899,0.267819,1.363350.2096,-0.207031,1.54217
1.19376,0.137822,1.12387,-0.148159,-0.687167,1.5049-0.766919,-0.212331,1.32695-0.409074,0.267853,1.363980.209686,-0.206984,1.54193
1.23539,0.0595281,1.04372,-0.148159,-0.687167,1.5049-0.766919,-0.212331,1.32695-0.409074,0.267853,1.363980.209686,-0.206984,1.54193
1.27127,0.000819057,0.968238,-0.148159,-0.687167,1.5049-0.766919,-0.212331,1.32695-0.409074,0.267853,1.363980.209686,-0.206984,1.54193
1.29212,-0.0387518,0.92834,-0.148159,-0.687167,1.5049-0.766919,-0.212331,1.32695-0.409074,0.267853,1.363980.209686,-0.206984,1.54193
1.33652,-0.0956634,0.823462,-0.148159,-0.687167,1.5049-0.766919,-0.212331,1.32695-0.409074,0.267853,1.363980.209686,-0.206984,1.54193
1.36684,-0.155931,0.767467,-0.148159,-0.687167,1.5049-0.766919,-0.212331,1.32695-0.409074,0.267853,1.363980.209686,-0.206984,1.54193
1.38664,-0.184531,0.723015,-0.148159,-0.687167,1.5049-0.766919,-0.212331,1.32695-0.409074,0.267853,1.363980.209686,-0.206984,1.54193
1.40005,-0.204999,0.693745,-0.148159,-0.687167,1.5049-0.766919,-0.212331,1.32695-0.409074,0.267853,1.363980.209686,-0.206984,1.54193
1.40393,-0.169024,0.65471,-0.148159,-0.687167,1.5049-0.766919,-0.212331,1.32695-0.409074,0.267853,1.363980.209686,-0.206984,1.54193
1.40229,-0.10383,0.612604,-0.148159,-0.687167,1.5049-0.766919,-0.212331,1.32695-0.409074,0.267853,1.363980.209686,-0.206984,1.54193
1.40504,-0.0374433,0.555135,-0.148159,-0.687167,1.5049-0.766919,-0.212331,1.32695-0.409074,0.267853,1.363980.209686,-0.206984,1.54193
1.4069,0.00198835,0.520241,-0.148159,-0.687167,1.5049-0.766919,-0.212331,1.32695-0.409074,0.267853,1.363980.209686,-0.206984,1.54193
1.40643,0.0466427,0.489253,-0.148159,-0.687167,1.5049-0.766919,-0.212331,1.32695-0.409074,0.267853,1.363980.209686,-0.206984,1.54193
1.41344,0.103981,0.424346,-0.148159,-0.687167,1.5049-0.766919,-0.212331,1.32695-0.409074,0.267853,1.363980.209686,-0.206984,1.54193
1.41153,0.158887,0.390589,-0.148159,-0.687167,1.5049-0.766919,-0.212331,1.32695-0.409074,0.267853,1.363980.209686,-0.206984,1.54193
1.41313,0.268019,0.305769,-0.148159,-0.687167,1.5049-0.766919,-0.212331,1.32695-0.409074,0.267853,1.363980.209686,-0.206984,1.54193
1.41687,0.302971,0.26796,-0.148159,-0.687167,1.5049-0.766919,-0.212331,1.32695-0.409074,0.267853,1.363980.209686,-0.206984,1.54193
1.41507,0.342679,0.244931,-0.148159,-0.687167,1.5049-0.766919,-0.212331,1.32695-0.409074,0.267853,1.363980.209686,-0.206984,1.54193
1.41456,0.41648,0.192801,-0.148159,-0.687167,1.5049-0.766919,-0.212331,1.32695-0.409074,0.267853,1.363980.209686,-0.206984,1.54193
1.37863,0.470583,0.271799,-0.148159,-0.687167,1.5049-0.766919,-0.212331,1.32695-0.409074,0.267853,1.363980.209686,-0.206984,1.54193
1.36665,0.494826,0.293646,-0.148159,-0.687167,1.5049-0.766919,-0.212331,1.32695-0.409074,0.267853,1.363980.209686,-0.206984,1.54193
1.35726,0.51197,0.312101,-0.148159,-0.687167,1.5049-0.766919,-0.212331,1.32695-0.409074,0.267853,1.363980.209686,-0.206984,1.54193
1.35648,0.51301,0.313899,-0.148159,-0.687167,1.5049-0.766919,-0.212331,1.32695-0.409074,0.267853,1.363980.209686,-0.206984,1.54193
1.31308,0.590576,0.400419,-0.148159,-0.687167,1.5049-0.766919,-0.212331,1.32695-0.409074,0.267853,1.363980.209686,-0.206984,1.54193
1.28538,0.639863,0.455812,-0.148159,-0.687167,1.5049-0.766919,-0.212331,1.32695-0.409074,0.267853,1.363980.209686,-0.206984,1.54193
1.20297,0.763994,0.636991,-0.148159,-0.687167,1.5049-0.766919,-0.212331,1.32695-0.409074,0.267853,1.363980.209686,-0.206984,1.54193
1.20116,0.714372,0.679139,-0.148159,-0.687167,1.5049-0.766919,-0.212331,1.32695-0.409074,0.267853,1.363980.209686,-0.206984,1.54193
1.20279,0.678616,0.699845,-0.148159,-0.687167,1.5049-0.766919,-0.212331,1.32695-0.409074,0.267853,1.363980.209686,-0.206984,1.54193
1.20183,0.626952,0.740677,-0.148159,-0.687167,1.5049-0.766919,-0.212331,1.32695-0.409074,0.267853,1.363980.209686,-0.206984,1.54193
1.19912,0.535132,0.816552,-0.148159,-0.687167,1.5049-0.766919,-0.212331,1.32695-0.409074,0.267853,1.363980.209686,-0.206984,1.54193
1.1981,0.482128,0.858547,-0.148159,-0.687167,1.5049-0.766919,-0.212331,1.32695-0.409074,0.267853,1.363980.209686,-0.206984,1.54193
1.19238,0.439757,0.908295,-0.148159,-0.687167,1.5049-0.766919,-0.212331,1.32695-0.409074,0.267853,1.363980.209686,-0.206984,1.54193
1.1927,0.376819,0.953123,-0.148159,-0.687167,1.5049-0.766919,-0.212331,1.32695-0.409074,0.267853,1.363980.209686,-0.206984,1.54193
1.18786,0.340739,0.995385,-0.148159,-0.687167,1.5049-0.766919,-0.212331,1.32695-0.409074,0.267853,1.363980.209686,-0.206984,1.54193
1.18726,0.26172,1.05499,-0.148159,-0.687167,1.5049-0.766919,-0.212331,1.32695-0.409074,0.267853,1.363980.209686,-0.206984,1.54193
1.18746,0.16343,1.12596,-0.148159,-0.687167,1.5049-0.766919,-0.212331,1.32695-0.409074,0.267853,1.363980.209686,-0.206984,1.54193
1.41318,0.130587,0.409213,-0.148331,-0.687173,1.50518-0.766966,-0.212196,1.32717-0.40885,0.26784,1.363480.209784,-0.207136,1.54149
1.40832,-0.00282392,0.52064,-0.148331,-0.687173,1.50518-0.766966,-0.212196,1.32717-0.40885,0.26784,1.363480.209784,-0.207136,1.54149
1.40664,-0.0440887,0.555665,-0.148331,-0.687173,1.50518-0.766966,-0.212196,1.32717-0.40885,0.26784,1.363480.209784,-0.207136,1.54149
1.40589,-0.139582,0.626583,-0.148331,-0.687173,1.50518-0.766966,-0.212196,1.32717-0.40885,0.26784,1.363480.209784,-0.207136,1.54149
1.39616,-0.18409,0.690058,-0.148331,-0.687173,1.50518-0.766966,-0.212196,1.32717-0.40885,0.26784,1.363480.209784,-0.207136,1.54149
1.36593,-0.150352,0.763904,-0.148331,-0.687173,1.50518-0.766966,-0.212196,1.32717-0.40885,0.26784,1.363480.209784,-0.207136,1.54149
1.31935,-0.0718165,0.85865,-0.148331,-0.687173,1.50518-0.766966,-0.212196,1.32717-0.40885,0.26784,1.363480.209784,-0.207136,1.54149
1.30676,-0.0576213,0.889317,-0.148331,-0.687173,1.50518-0.766966,-0.212196,1.32717-0.40885,0.26784,1.363480.209784,-0.207136,1.54149
1.28481,-0.0199372,0.933482,-0.148331,-0.687173,1.50518-0.766966,-0.212196,1.32717-0.40885,0.26784,1.363480.209784,-0.207136,1.54149
1.266,0.00376943,0.977467,-0.148331,-0.687173,1.50518-0.766966,-0.212196,1.32717-0.40885,0.26784,1.363480.209784,-0.207136,1.54149
1.24263,0.0559171,1.01588,-0.148331,-0.687173,1.50518-0.766966,-0.212196,1.32717-0.40885,0.26784,1.363480.209784,-0.207136,1.54149
1.20382,0.11518,1.09925,-0.148331,-0.687173,1.50518-0.766966,-0.212196,1.32717-0.40885,0.26784,1.363480.209784,-0.207136,1.54149
1.1926,0.12745,1.12681,-0.148331,-0.687173,1.50518-0.766966,-0.212196,1.32717-0.40885,0.26784,1.363480.209784,-0.207136,1.54149
1.18958,0.132455,1.13303,-0.148331,-0.687173,1.50518-0.766966,-0.212196,1.32717-0.40885,0.26784,1.363480.209784,-0.207136,1.54149
1.18704,0.15222,1.1271,-0.148331,-0.687173,1.50518-0.766966,-0.212196,1.32717-0.40885,0.26784,1.363480.209784,-0.207136,1.54149
1.18706,0.288887,1.02903,-0.148331,-0.687173,1.50518-0.766966,-0.212196,1.32717-0.40885,0.26784,1.363480.209784,-0.207136,1.54149
1.18889,0.350312,0.979041,-0.148331,-0.687173,1.50518-0.766966,-0.212196,1.32717-0.40885,0.26784,1.363480.209784,-0.207136,1.54149
1.19224,0.485841,0.870989,-0.148331,-0.687173,1.50518-0.766966,-0.212196,1.32717-0.40885,0.26784,1.363480.209784,-0.207136,1.54149
1.19642,0.52166,0.831737,-0.148331,-0.687173,1.50518-0.766966,-0.212196,1.32717-0.40885,0.26784,1.363480.209784,-0.207136,1.54149
1.19735,0.581077,0.786108,-0.148331,-0.687173,1.50518-0.766966,-0.212196,1.32717-0.40885,0.26784,1.363480.209784,-0.207136,1.54149
1.20086,0.70541,0.685572,-0.148331,-0.687173,1.50518-0.766966,-0.212196,1.32717-0.40885,0.26784,1.363480.209784,-0.207136,1.54149
1.20533,0.743516,0.64372,-0.148331,-0.687173,1.50518-0.766966,-0.212196,1.32717-0.40885,0.26784,1.363480.209784,-0.207136,1.54149
1.20729,0.758948,0.626322,-0.148331,-0.687173,1.50518-0.766966,-0.212196,1.32717-0.40885,0.26784,1.363480.209784,-0.207136,1.54149
1.22578,0.735057,0.583474,-0.148331,-0.687173,1.50518-0.766966,-0.212196,1.32717-0.40885,0.26784,1.363480.209784,-0.207136,1.54149
1.30341,0.615763,0.417275,-0.148331,-0.687173,1.50518-0.766966,-0.212196,1.32717-0.40885,0.26784,1.363480.209784,-0.207136,1.54149
1.31764,0.586026,0.392431,-0.148331,-0.687173,1.50518-0.766966,-0.212196,1.32717-0.40885,0.26784,1.363480.209784,-0.207136,1.54149
1.35951,0.506671,0.313542,-0.148331,-0.687173,1.50518-0.766966,-0.212196,1.32717-0.40885,0.26784,1.363480.209784,-0.207136,1.54149
1.40378,0.445653,0.213755,-0.148331,-0.687173,1.50518-0.766966,-0.212196,1.32717-0.40885,0.26784,1.363480.209784,-0.207136,1.54149
1.41626,0.419636,0.191914,-0.148331,-0.687173,1.50518-0.766966,-0.212196,1.32717-0.40885,0.26784,1.363480.209784,-0.207136,1.54149
1.41641,0.378985,0.220585,-0.148331,-0.687173,1.50518-0.766966,-0.212196,1.32717-0.40885,0.26784,1.363480.209784,-0.207136,1.54149
1.41314,0.269799,0.309509,-0.148331,-0.687173,1.50518-0.766966,-0.212196,1.32717-0.40885,0.26784,1.363480.209784,-0.207136,1.54149
1.18264,0.161237,1.13947,-0.148308,-0.687117,1.50501-0.766749,-0.212225,1.32609-0.408833,0.267892,1.363280.209608,-0.206999,1.54219
1.18717,0.142259,1.13836,-0.148308,-0.687117,1.50501-0.766749,-0.212225,1.32609-0.408833,0.267892,1.363280.209608,-0.206999,1.54219
1.21406,0.0960024,1.08376,-0.148308,-0.687117,1.50501-0.766749,-0.212225,1.32609-0.408833,0.267892,1.363280.209608,-0.206999,1.54219
1.23899,0.0532092,1.03305,-0.148308,-0.687117,1.50501-0.766749,-0.212225,1.32609-0.408833,0.267892,1.363280.209608,-0.206999,1.54219
1.26203,0.0208806,0.980974,-0.148308,-0.687117,1.50501-0.766749,-0.212225,1.32609-0.408833,0.267892,1.363280.209608,-0.206999,1.54219
1.28566,-0.0220845,0.934643,-0.148308,-0.687117,1.50501-0.766749,-0.212225,1.32609-0.408833,0.267892,1.363280.209608,-0.206999,1.54219
1.31872,-0.0868405,0.87322,-0.148308,-0.687117,1.50501-0.766749,-0.212225,1.32609-0.408833,0.267892,1.363280.209608,-0.206999,1.54219
1.35415,-0.135535,0.7924,-0.148308,-0.687117,1.50501-0.766749,-0.212225,1.32609-0.408833,0.267892,1.363280.209608,-0.206999,1.54219
1.37129,-0.160388,0.754224,-0.148308,-0.687117,1.50501-0.766749,-0.212225,1.32609-0.408833,0.267892,1.363280.209608,-0.206999,1.54219
1.38787,-0.188596,0.720317,-0.148308,-0.687117,1.50501-0.766749,-0.212225,1.32609-0.408833,0.267892,1.363280.209608,-0.206999,1.54219
1.39992,-0.200134,0.689195,-0.148308,-0.687117,1.50501-0.766749,-0.212225,1.32609-0.408833,0.267892,1.363280.209608,-0.206999,1.54219
1.40508,-0.169319,0.64994,-0.148308,-0.687117,1.50501-0.766749,-0.212225,1.32609-0.408833,0.267892,1.363280.209608,-0.206999,1.54219
1.39997,-0.0756799,0.598821,-0.148308,-0.687117,1.50501-0.766749,-0.212225,1.32609-0.408833,0.267892,1.363280.209608,-0.206999,1.54219
1.40333,-0.0368204,0.559628,-0.148308,-0.687117,1.50501-0.766749,-0.212225,1.32609-0.408833,0.267892,1.363280.209608,-0.206999,1.54219
1.40707,0.00222743,0.519073,-0.148308,-0.687117,1.50501-0.766749,-0.212225,1.32609-0.408833,0.267892,1.363280.209608,-0.206999,1.54219
1.40864,0.0416897,0.485331,-0.148308,-0.687117,1.50501-0.766749,-0.212225,1.32609-0.408833,0.267892,1.363280.209608,-0.206999,1.54219
1.40865,0.0852498,0.453724,-0.148308,-0.687117,1.50501-0.766749,-0.212225,1.32609-0.408833,0.267892,1.363280.209608,-0.206999,1.54219
1.40813,0.136134,0.418564,-0.148308,-0.687117,1.50501-0.766749,-0.212225,1.32609-0.408833,0.267892,1.363280.209608,-0.206999,1.54219
1.41107,0.195228,0.366074,-0.148308,-0.687117,1.50501-0.766749,-0.212225,1.32609-0.408833,0.267892,1.363280.209608,-0.206999,1.54219
1.41652,0.22501,0.326634,-0.148308,-0.687117,1.50501-0.766749,-0.212225,1.32609-0.408833,0.267892,1.363280.209608,-0.206999,1.54219
1.41578,0.322837,0.258154,-0.148308,-0.687117,1.50501-0.766749,-0.212225,1.32609-0.408833,0.267892,1.363280.209608,-0.206999,1.54219
1.41837,0.362976,0.220587,-0.148308,-0.687117,1.50501-0.766749,-0.212225,1.32609-0.408833,0.267892,1.363280.209608,-0.206999,1.54219
1.41575,0.398627,0.203346,-0.148308,-0.687117,1.50501-0.766749,-0.212225,1.32609-0.408833,0.267892,1.363280.209608,-0.206999,1.54219
1.403,0.430663,0.221914,-0.148308,-0.687117,1.50501-0.766749,-0.212225,1.32609-0.408833,0.267892,1.363280.209608,-0.206999,1.54219
1.36118,0.516079,0.297071,-0.148308,-0.687117,1.50501-0.766749,-0.212225,1.32609-0.408833,0.267892,1.363280.209608,-0.206999,1.54219
1.33701,0.54558,0.354902,-0.148308,-0.687117,1.50501-0.766749,-0.212225,1.32609-0.408833,0.267892,1.363280.209608,-0.206999,1.54219
1.3023,0.597846,0.430787,-0.148308,-0.687117,1.50501-0.766749,-0.212225,1.32609-0.408833,0.267892,1.363280.209608,-0.206999,1.54219
1.27613,0.657701,0.473208,-0.148308,-0.687117,1.50501-0.766749,-0.212225,1.32609-0.408833,0.267892,1.363280.209608,-0.206999,1.54219
1.23499,0.726546,0.558133,-0.148308,-0.687117,1.50501-0.766749,-0.212225,1.32609-0.408833,0.267892,1.363280.209608,-0.206999,1.54219
1.2223,0.743499,0.587448,-0.148308,-0.687117,1.50501-0.766749,-0.212225,1.32609-0.408833,0.267892,1.363280.209608,-0.206999,1.54219
1.20553,0.722108,0.657909,-0.148308,-0.687117,1.50501-0.766749,-0.212225,1.32609-0.408833,0.267892,1.363280.209608,-0.206999,1.54219
1.20214,0.685915,0.695263,-0.148308,-0.687117,1.50501-0.766749,-0.212225,1.32609-0.408833,0.267892,1.363280.209608,-0.206999,1.54219
1.19794,0.609545,0.764372,-0.148308,-0.687117,1.50501-0.766749,-0.212225,1.32609-0.408833,0.267892,1.363280.209608,-0.206999,1.54219
1.19802,0.572341,0.79109,-0.148308,-0.687117,1.50501-0.766749,-0.212225,1.32609-0.408833,0.267892,1.363280.209608,-0.206999,1.54219
1.20016,0.52893,0.815524,-0.148308,-0.687117,1.50501-0.766749,-0.212225,1.32609-0.408833,0.267892,1.363280.209608,-0.206999,1.54219
1.20074,0.494269,0.838751,-0.148308,-0.687117,1.50501-0.766749,-0.212225,1.32609-0.408833,0.267892,1.363280.209608,-0.206999,1.54219
1.19788,0.44408,0.88449,-0.148308,-0.687117,1.50501-0.766749,-0.212225,1.32609-0.408833,0.267892,1.363280.209608,-0.206999,1.54219
1.19389,0.411323,0.921307,-0.148308,-0.687117,1.50501-0.766749,-0.212225,1.32609-0.408833,0.267892,1.363280.209608,-0.206999,1.54219
1.19211,0.402909,0.933254,-0.148308,-0.687117,1.50501-0.766749,-0.212225,1.32609-0.408833,0.267892,1.363280.209608,-0.206999,1.54219
1.18819,0.344272,0.988616,-0.148308,-0.687117,1.50501-0.766749,-0.212225,1.32609-0.408833,0.267892,1.363280.209608,-0.206999,1.54219
1.18824,0.313053,1.01107,-0.148308,-0.687117,1.50501-0.766749,-0.212225,1.32609-0.408833,0.267892,1.363280.209608,-0.206999,1.54219
1.18432,0.24285,1.07479,-0.148308,-0.687117,1.50501-0.766749,-0.212225,1.32609-0.408833,0.267892,1.363280.209608,-0.206999,1.54219
1.18555,0.149105,1.13492,-0.148405,-0.687201,1.50534-0.76685,-0.212252,1.3266-0.408964,0.267866,1.364070.20948,-0.207083,1.54282
1.18777,0.130492,1.14107,-0.148405,-0.687201,1.50534-0.76685,-0.212252,1.3266-0.408964,0.267866,1.364070.20948,-0.207083,1.54282
1.21693,0.0981884,1.06904,-0.148405,-0.687201,1.50534-0.76685,-0.212252,1.3266-0.408964,0.267866,1.364070.20948,-0.207083,1.54282
1.24521,0.0477074,1.01298,-0.148405,-0.687201,1.50534-0.76685,-0.212252,1.3266-0.408964,0.267866,1.364070.20948,-0.207083,1.54282
1.28103,-0.01957,0.944376,-0.148405,-0.687201,1.50534-0.76685,-0.212252,1.3266-0.408964,0.267866,1.364070.20948,-0.207083,1.54282
1.36187,-0.157587,0.779574,-0.148405,-0.687201,1.50534-0.76685,-0.212252,1.3266-0.408964,0.267866,1.364070.20948,-0.207083,1.54282
1.39246,-0.191696,0.7042,-0.148405,-0.687201,1.50534-0.76685,-0.212252,1.3266-0.408964,0.267866,1.364070.20948,-0.207083,1.54282
1.39907,-0.188882,0.680553,-0.148405,-0.687201,1.50534-0.76685,-0.212252,1.3266-0.408964,0.267866,1.364070.20948,-0.207083,1.54282
1.40438,-0.159137,0.64181,-0.148405,-0.687201,1.50534-0.76685,-0.212252,1.3266-0.408964,0.267866,1.364070.20948,-0.207083,1.54282
1.40805,0.00721323,0.510075,-0.148405,-0.687201,1.50534-0.76685,-0.212252,1.3266-0.408964,0.267866,1.364070.20948,-0.207083,1.54282
1.40951,0.0459933,0.47738,-0.148405,-0.687201,1.50534-0.76685,-0.212252,1.3266-0.408964,0.267866,1.364070.20948,-0.207083,1.54282
1.40942,0.0914148,0.444965,-0.148405,-0.687201,1.50534-0.76685,-0.212252,1.3266-0.408964,0.267866,1.364070.20948,-0.207083,1.54282
1.40859,0.142892,0.410629,-0.148405,-0.687201,1.50534-0.76685,-0.212252,1.3266-0.408964,0.267866,1.364070.20948,-0.207083,1.54282
1.41024,0.258833,0.321768,-0.148405,-0.687201,1.50534-0.76685,-0.212252,1.3266-0.408964,0.267866,1.364070.20948,-0.207083,1.54282
1.41498,0.295776,0.279688,-0.148405,-0.687201,1.50534-0.76685,-0.212252,1.3266-0.408964,0.267866,1.364070.20948,-0.207083,1.54282
1.41804,0.328297,0.246299,-0.148405,-0.687201,1.50534-0.76685,-0.212252,1.3266-0.408964,0.267866,1.364070.20948,-0.207083,1.54282
1.41534,0.370516,0.224716,-0.148405,-0.687201,1.50534-0.76685,-0.212252,1.3266-0.408964,0.267866,1.364070.20948,-0.207083,1.54282
1.4112,0.401247,0.216122,-0.148405,-0.687201,1.50534-0.76685,-0.212252,1.3266-0.408964,0.267866,1.364070.20948,-0.207083,1.54282
1.40412,0.437502,0.213141,-0.148405,-0.687201,1.50534-0.76685,-0.212252,1.3266-0.408964,0.267866,1.364070.20948,-0.207083,1.54282
1.38643,0.469484,0.247949,-0.148405,-0.687201,1.50534-0.76685,-0.212252,1.3266-0.408964,0.267866,1.364070.20948,-0.207083,1.54282
1.30314,0.605251,0.422349,-0.148405,-0.687201,1.50534-0.76685,-0.212252,1.3266-0.408964,0.267866,1.364070.20948,-0.207083,1.54282
1.28544,0.641876,0.453828,-0.148405,-0.687201,1.50534-0.76685,-0.212252,1.3266-0.408964,0.267866,1.364070.20948,-0.207083,1.54282
1.24357,0.702448,0.547012,-0.148405,-0.687201,1.50534-0.76685,-0.212252,1.3266-0.408964,0.267866,1.364070.20948,-0.207083,1.54282
1.20252,0.738453,0.655241,-0.148405,-0.687201,1.50534-0.76685,-0.212252,1.3266-0.408964,0.267866,1.364070.20948,-0.207083,1.54282
1.19833,0.696412,0.699183,-0.148405,-0.687201,1.50534-0.76685,-0.212252,1.3266-0.408964,0.267866,1.364070.20948,-0.207083,1.54282
1.19773,0.607618,0.76508,-0.148405,-0.687201,1.50534-0.76685,-0.212252,1.3266-0.408964,0.267866,1.364070.20948,-0.207083,1.54282
1.19785,0.508187,0.83626,-0.148405,-0.687201,1.50534-0.76685,-0.212252,1.3266-0.408964,0.267866,1.364070.20948,-0.207083,1.54282
1.19584,0.456185,0.880257,-0.148405,-0.687201,1.50534-0.76685,-0.212252,1.3266-0.408964,0.267866,1.364070.20948,-0.207083,1.54282
1.18962,0.414815,0.930354,-0.148405,-0.687201,1.50534-0.76685,-0.212252,1.3266-0.408964,0.267866,1.364070.20948,-0.207083,1.54282
1.18778,0.354731,0.979626,-0.148405,-0.687201,1.50534-0.76685,-0.212252,1.3266-0.408964,0.267866,1.364070.20948,-0.207083,1.54282
1.18928,0.231485,1.06345,-0.148405,-0.687201,1.50534-0.76685,-0.212252,1.3266-0.408964,0.267866,1.364070.20948,-0.207083,1.54282
1.18665,0.148463,1.13801,-0.148595,-0.687252,1.50572-0.766946,-0.21218,1.32698-0.408849,0.267821,1.363930.209502,-0.207251,1.54267
1.23177,0.0723679,1.04426,-0.148595,-0.687252,1.50572-0.766946,-0.21218,1.32698-0.408849,0.267821,1.363930.209502,-0.207251,1.54267
1.25685,0.0315065,0.991073,-0.148595,-0.687252,1.50572-0.766946,-0.21218,1.32698-0.408849,0.267821,1.363930.209502,-0.207251,1.54267
1.27186,0.00450999,0.961078,-0.148595,-0.687252,1.50572-0.766946,-0.21218,1.32698-0.408849,0.267821,1.363930.209502,-0.207251,1.54267
1.27951,-0.00822729,0.945063,-0.148595,-0.687252,1.50572-0.766946,-0.21218,1.32698-0.408849,0.267821,1.363930.209502,-0.207251,1.54267
1.30079,-0.043166,0.900147,-0.148595,-0.687252,1.50572-0.766946,-0.21218,1.32698-0.408849,0.267821,1.363930.209502,-0.207251,1.54267
1.38167,-0.181314,0.73332,-0.148595,-0.687252,1.50572-0.766946,-0.21218,1.32698-0.408849,0.267821,1.363930.209502,-0.207251,1.54267
1.39613,-0.199652,0.698855,-0.148595,-0.687252,1.50572-0.766946,-0.21218,1.32698-0.408849,0.267821,1.363930.209502,-0.207251,1.54267
1.40104,-0.182451,0.670131,-0.148595,-0.687252,1.50572-0.766946,-0.21218,1.32698-0.408849,0.267821,1.363930.209502,-0.207251,1.54267
1.40629,-0.161377,0.637481,-0.148595,-0.687252,1.50572-0.766946,-0.21218,1.32698-0.408849,0.267821,1.363930.209502,-0.207251,1.54267
1.40695,-0.06067,0.562078,-0.148595,-0.687252,1.50572-0.766946,-0.21218,1.32698-0.408849,0.267821,1.363930.209502,-0.207251,1.54267
1.40594,0.0666468,0.47289,-0.148595,-0.687252,1.50572-0.766946,-0.21218,1.32698-0.408849,0.267821,1.363930.209502,-0.207251,1.54267
1.40676,0.100267,0.445744,-0.148595,-0.687252,1.50572-0.766946,-0.21218,1.32698-0.408849,0.267821,1.363930.209502,-0.207251,1.54267
1.41149,0.169548,0.379754,-0.148595,-0.687252,1.50572-0.766946,-0.21218,1.32698-0.408849,0.267821,1.363930.209502,-0.207251,1.54267
1.40908,0.227458,0.34563,-0.148595,-0.687252,1.50572-0.766946,-0.21218,1.32698-0.408849,0.267821,1.363930.209502,-0.207251,1.54267
1.41302,0.315003,0.269005,-0.148595,-0.687252,1.50572-0.766946,-0.21218,1.32698-0.408849,0.267821,1.363930.209502,-0.207251,1.54267
1.4154,0.354188,0.232635,-0.148595,-0.687252,1.50572-0.766946,-0.21218,1.32698-0.408849,0.267821,1.363930.209502,-0.207251,1.54267
1.41199,0.397558,0.212392,-0.148595,-0.687252,1.50572-0.766946,-0.21218,1.32698-0.408849,0.267821,1.363930.209502,-0.207251,1.54267
1.40542,0.433934,0.207654,-0.148595,-0.687252,1.50572-0.766946,-0.21218,1.32698-0.408849,0.267821,1.363930.209502,-0.207251,1.54267
1.39114,0.460851,0.235291,-0.148595,-0.687252,1.50572-0.766946,-0.21218,1.32698-0.408849,0.267821,1.363930.209502,-0.207251,1.54267
1.3408,0.528395,0.352543,-0.148595,-0.687252,1.50572-0.766946,-0.21218,1.32698-0.408849,0.267821,1.363930.209502,-0.207251,1.54267
1.31503,0.589366,0.393376,-0.148595,-0.687252,1.50572-0.766946,-0.21218,1.32698-0.408849,0.267821,1.363930.209502,-0.207251,1.54267
1.30864,0.59858,0.407798,-0.148595,-0.687252,1.50572-0.766946,-0.21218,1.32698-0.408849,0.267821,1.363930.209502,-0.207251,1.54267
1.27439,0.660985,0.475604,-0.148595,-0.687252,1.50572-0.766946,-0.21218,1.32698-0.408849,0.267821,1.363930.209502,-0.207251,1.54267
1.22059,0.75359,0.58606,-0.148595,-0.687252,1.50572-0.766946,-0.21218,1.32698-0.408849,0.267821,1.363930.209502,-0.207251,1.54267
1.20047,0.730324,0.669446,-0.148595,-0.687252,1.50572-0.766946,-0.21218,1.32698-0.408849,0.267821,1.363930.209502,-0.207251,1.54267
1.20699,0.665658,0.694905,-0.148595,-0.687252,1.50572-0.766946,-0.21218,1.32698-0.408849,0.267821,1.363930.209502,-0.207251,1.54267
1.19643,0.542316,0.819434,-0.148595,-0.687252,1.50572-0.766946,-0.21218,1.32698-0.408849,0.267821,1.363930.209502,-0.207251,1.54267
1.19416,0.494035,0.862048,-0.148595,-0.687252,1.50572-0.766946,-0.21218,1.32698-0.408849,0.267821,1.363930.209502,-0.207251,1.54267
1.19565,0.426923,0.905894,-0.148595,-0.687252,1.50572-0.766946,-0.21218,1.32698-0.408849,0.267821,1.363930.209502,-0.207251,1.54267
1.19309,0.37534,0.951843,-0.148595,-0.687252,1.50572-0.766946,-0.21218,1.32698-0.408849,0.267821,1.363930.209502,-0.207251,1.54267
1.19102,0.303784,1.0107,-0.148595,-0.687252,1.50572-0.766946,-0.21218,1.32698-0.408849,0.267821,1.363930.209502,-0.207251,1.54267
1.18721,0.244466,1.06639,-0.148595,-0.687252,1.50572-0.766946,-0.21218,1.32698-0.408849,0.267821,1.363930.209502,-0.207251,1.54267
1.18886,0.193948,1.09768,-0.148595,-0.687252,1.50572-0.766946,-0.21218,1.32698-0.408849,0.267821,1.363930.209502,-0.207251,1.54267
1.28224,0.651275,0.455379,-0.148479,-0.687149,1.50579-0.766905,-0.212275,1.32678-0.408858,0.267793,1.363350.209568,-0.207081,1.54236
1.23837,0.718754,0.550283,-0.148479,-0.687149,1.50579-0.766905,-0.212275,1.32678-0.408858,0.267793,1.363350.209568,-0.207081,1.54236
1.20806,0.716685,0.651188,-0.148479,-0.687149,1.50579-0.766905,-0.212275,1.32678-0.408858,0.267793,1.363350.209568,-0.207081,1.54236
1.20154,0.707456,0.67925,-0.148479,-0.687149,1.50579-0.766905,-0.212275,1.32678-0.408858,0.267793,1.363350.209568,-0.207081,1.54236
1.20086,0.658189,0.717261,-0.148479,-0.687149,1.50579-0.766905,-0.212275,1.32678-0.408858,0.267793,1.363350.209568,-0.207081,1.54236
1.20349,0.588445,0.759235,-0.148479,-0.687149,1.50579-0.766905,-0.212275,1.32678-0.408858,0.267793,1.363350.209568,-0.207081,1.54236
1.19504,0.519345,0.837098,-0.148479,-0.687149,1.50579-0.766905,-0.212275,1.32678-0.408858,0.267793,1.363350.209568,-0.207081,1.54236
1.19296,0.466663,0.882158,-0.148479,-0.687149,1.50579-0.766905,-0.212275,1.32678-0.408858,0.267793,1.363350.209568,-0.207081,1.54236
1.19598,0.396546,0.92313,-0.148479,-0.687149,1.50579-0.766905,-0.212275,1.32678-0.408858,0.267793,1.363350.209568,-0.207081,1.54236
1.19222,0.338164,0.977848,-0.148479,-0.687149,1.50579-0.766905,-0.212275,1.32678-0.408858,0.267793,1.363350.209568,-0.207081,1.54236
1.19108,0.310788,1.00146,-0.148479,-0.687149,1.50579-0.766905,-0.212275,1.32678-0.408858,0.267793,1.363350.209568,-0.207081,1.54236
1.1878,0.240391,1.06329,-0.148479,-0.687149,1.50579-0.766905,-0.212275,1.32678-0.408858,0.267793,1.363350.209568,-0.207081,1.54236
1.18469,0.168914,1.12539,-0.148479,-0.687149,1.50579-0.766905,-0.212275,1.32678-0.408858,0.267793,1.363350.209568,-0.207081,1.54236
1.18317,0.157481,1.13866,-0.148479,-0.687149,1.50579-0.766905,-0.212275,1.32678-0.408858,0.267793,1.363350.209568,-0.207081,1.54236
1.18803,0.140671,1.13492,-0.148479,-0.687149,1.50579-0.766905,-0.212275,1.32678-0.408858,0.267793,1.363350.209568,-0.207081,1.54236
1.21044,0.106761,1.08605,-0.148479,-0.687149,1.50579-0.766905,-0.212275,1.32678-0.408858,0.267793,1.363350.209568,-0.207081,1.54236
1.24378,0.057394,1.01254,-0.148479,-0.687149,1.50579-0.766905,-0.212275,1.32678-0.408858,0.267793,1.363350.209568,-0.207081,1.54236
1.25605,0.0337809,0.989454,-0.148479,-0.687149,1.50579-0.766905,-0.212275,1.32678-0.408858,0.267793,1.363350.209568,-0.207081,1.54236
1.27933,-0.0155986,0.948931,-0.148479,-0.687149,1.50579-0.766905,-0.212275,1.32678-0.408858,0.267793,1.363350.209568,-0.207081,1.54236
1.30077,-0.0564942,0.908319,-0.148479,-0.687149,1.50579-0.766905,-0.212275,1.32678-0.408858,0.267793,1.363350.209568,-0.207081,1.54236
1.36062,-0.149756,0.779715,-0.148479,-0.687149,1.50579-0.766905,-0.212275,1.32678-0.408858,0.267793,1.363350.209568,-0.207081,1.54236
1.39194,-0.196145,0.710689,-0.148479,-0.687149,1.50579-0.766905,-0.212275,1.32678-0.408858,0.267793,1.363350.209568,-0.207081,1.54236
1.40397,-0.212785,0.683297,-0.148479,-0.687149,1.50579-0.766905,-0.212275,1.32678-0.408858,0.267793,1.363350.209568,-0.207081,1.54236
1.40263,-0.184083,0.666886,-0.148479,-0.687149,1.50579-0.766905,-0.212275,1.32678-0.408858,0.267793,1.363350.209568,-0.207081,1.54236
1.40272,-0.145734,0.638744,-0.148479,-0.687149,1.50579-0.766905,-0.212275,1.32678-0.408858,0.267793,1.363350.209568,-0.207081,1.54236
1.40577,-0.00793517,0.528711,-0.148479,-0.687149,1.50579-0.766905,-0.212275,1.32678-0.408858,0.267793,1.363350.209568,-0.207081,1.54236
1.40659,0.0370166,0.493401,-0.148479,-0.687149,1.50579-0.766905,-0.212275,1.32678-0.408858,0.267793,1.363350.209568,-0.207081,1.54236
1.40891,0.072439,0.460094,-0.148479,-0.687149,1.50579-0.766905,-0.212275,1.32678-0.408858,0.267793,1.363350.209568,-0.207081,1.54236
1.41246,0.122881,0.411836,-0.148479,-0.687149,1.50579-0.766905,-0.212275,1.32678-0.408858,0.267793,1.363350.209568,-0.207081,1.54236
1.41334,0.243183,0.321629,-0.148479,-0.687149,1.50579-0.766905,-0.212275,1.32678-0.408858,0.267793,1.363350.209568,-0.207081,1.54236
1.41257,0.267234,0.3067,-0.148479,-0.687149,1.50579-0.766905,-0.212275,1.32678-0.408858,0.267793,1.363350.209568,-0.207081,1.54236
1.41178,0.307501,0.280068,-0.148479,-0.687149,1.50579-0.766905,-0.212275,1.32678-0.408858,0.267793,1.363350.209568,-0.207081,1.54236
1.4123,0.342279,0.25314,-0.148479,-0.687149,1.50579-0.766905,-0.212275,1.32678-0.408858,0.267793,1.363350.209568,-0.207081,1.54236
1.41573,0.384408,0.211295,-0.148479,-0.687149,1.50579-0.766905,-0.212275,1.32678-0.408858,0.267793,1.363350.209568,-0.207081,1.54236
1.407,0.416771,0.21644,-0.148479,-0.687149,1.50579-0.766905,-0.212275,1.32678-0.408858,0.267793,1.363350.209568,-0.207081,1.54236
1.39678,0.453745,0.223138,-0.148479,-0.687149,1.50579-0.766905,-0.212275,1.32678-0.408858,0.267793,1.363350.209568,-0.207081,1.54236
1.36574,0.498623,0.292347,-0.148479,-0.687149,1.50579-0.766905,-0.212275,1.32678-0.408858,0.267793,1.363350.209568,-0.207081,1.54236
1.29947,0.607661,0.430533,-0.148479,-0.687149,1.50579-0.766905,-0.212275,1.32678-0.408858,0.267793,1.363350.209568,-0.207081,1.54236
1.20319,0.697379,0.684138,-0.148676,-0.68705,1.50649-0.766509,-0.212347,1.32499-0.408578,0.267753,1.362260.209255,-0.20695,1.54375
1.23558,0.717453,0.564016,-0.148676,-0.68705,1.50649-0.766509,-0.212347,1.32499-0.408578,0.267753,1.362260.209255,-0.20695,1.54375
1.29101,0.631223,0.44531,-0.148676,-0.68705,1.50649-0.766509,-0.212347,1.32499-0.408578,0.267753,1.362260.209255,-0.20695,1.54375
1.30549,0.606109,0.416152,-0.148676,-0.68705,1.50649-0.766509,-0.212347,1.32499-0.408578,0.267753,1.362260.209255,-0.20695,1.54375
1.34774,0.524048,0.337454,-0.148676,-0.68705,1.50649-0.766509,-0.212347,1.32499-0.408578,0.267753,1.362260.209255,-0.20695,1.54375
1.41273,0.426198,0.195948,-0.148676,-0.68705,1.50649-0.766509,-0.212347,1.32499-0.408578,0.267753,1.362260.209255,-0.20695,1.54375
1.41195,0.386211,0.227293,-0.148676,-0.68705,1.50649-0.766509,-0.212347,1.32499-0.408578,0.267753,1.362260.209255,-0.20695,1.54375
1.41168,0.348813,0.255129,-0.148676,-0.68705,1.50649-0.766509,-0.212347,1.32499-0.408578,0.267753,1.362260.209255,-0.20695,1.54375
1.41281,0.308401,0.280556,-0.148676,-0.68705,1.50649-0.766509,-0.212347,1.32499-0.408578,0.267753,1.362260.209255,-0.20695,1.54375
1.41623,0.222598,0.331218,-0.148676,-0.68705,1.50649-0.766509,-0.212347,1.32499-0.408578,0.267753,1.362260.209255,-0.20695,1.54375
1.41372,0.142044,0.397448,-0.148676,-0.68705,1.50649-0.766509,-0.212347,1.32499-0.408578,0.267753,1.362260.209255,-0.20695,1.54375
1.40392,0.0562034,0.491282,-0.148676,-0.68705,1.50649-0.766509,-0.212347,1.32499-0.408578,0.267753,1.362260.209255,-0.20695,1.54375
1.40587,-0.0265868,0.544573,-0.148676,-0.68705,1.50649-0.766509,-0.212347,1.32499-0.408578,0.267753,1.362260.209255,-0.20695,1.54375
1.40595,-0.129128,0.61821,-0.148676,-0.68705,1.50649-0.766509,-0.212347,1.32499-0.408578,0.267753,1.362260.209255,-0.20695,1.54375
1.40283,-0.201026,0.680188,-0.148676,-0.68705,1.50649-0.766509,-0.212347,1.32499-0.408578,0.267753,1.362260.209255,-0.20695,1.54375
1.39136,-0.202038,0.718336,-0.148676,-0.68705,1.50649-0.766509,-0.212347,1.32499-0.408578,0.267753,1.362260.209255,-0.20695,1.54375
1.34732,-0.126371,0.807485,-0.148676,-0.68705,1.50649-0.766509,-0.212347,1.32499-0.408578,0.267753,1.362260.209255,-0.20695,1.54375
1.31363,-0.0688728,0.875952,-0.148676,-0.68705,1.50649-0.766509,-0.212347,1.32499-0.408578,0.267753,1.362260.209255,-0.20695,1.54375
1.29181,-0.0305998,0.919556,-0.148676,-0.68705,1.50649-0.766509,-0.212347,1.32499-0.408578,0.267753,1.362260.209255,-0.20695,1.54375
1.27341,-0.00369987,0.960192,-0.148676,-0.68705,1.50649-0.766509,-0.212347,1.32499-0.408578,0.267753,1.362260.209255,-0.20695,1.54375
1.25105,0.0422187,1.00008,-0.148676,-0.68705,1.50649-0.766509,-0.212347,1.32499-0.408578,0.267753,1.362260.209255,-0.20695,1.54375
1.22506,0.0826644,1.0557,-0.148676,-0.68705,1.50649-0.766509,-0.212347,1.32499-0.408578,0.267753,1.362260.209255,-0.20695,1.54375
1.18962,0.141137,1.12919,-0.148676,-0.68705,1.50649-0.766509,-0.212347,1.32499-0.408578,0.267753,1.362260.209255,-0.20695,1.54375
1.1842,0.181369,1.1179,-0.148676,-0.68705,1.50649-0.766509,-0.212347,1.32499-0.408578,0.267753,1.362260.209255,-0.20695,1.54375
1.18697,0.207656,1.08991,-0.148676,-0.68705,1.50649-0.766509,-0.212347,1.32499-0.408578,0.267753,1.362260.209255,-0.20695,1.54375
1.18842,0.254196,1.05166,-0.148676,-0.68705,1.50649-0.766509,-0.212347,1.32499-0.408578,0.267753,1.362260.209255,-0.20695,1.54375
1.19091,0.323993,0.993215,-0.148676,-0.68705,1.50649-0.766509,-0.212347,1.32499-0.408578,0.267753,1.362260.209255,-0.20695,1.54375
1.19313,0.386808,0.940733,-0.148676,-0.68705,1.50649-0.766509,-0.212347,1.32499-0.408578,0.267753,1.362260.209255,-0.20695,1.54375
1.19174,0.45807,0.893934,-0.148676,-0.68705,1.50649-0.766509,-0.212347,1.32499-0.408578,0.267753,1.362260.209255,-0.20695,1.54375
1.19802,0.499446,0.843619,-0.148676,-0.68705,1.50649-0.766509,-0.212347,1.32499-0.408578,0.267753,1.362260.209255,-0.20695,1.54375
1.19988,0.548079,0.802497,-0.148676,-0.68705,1.50649-0.766509,-0.212347,1.32499-0.408578,0.267753,1.362260.209255,-0.20695,1.54375
1.19729,0.608739,0.76725,-0.148676,-0.68705,1.50649-0.766509,-0.212347,1.32499-0.408578,0.267753,1.362260.209255,-0.20695,1.54375
1.40694,0.0681936,0.468994,-0.148458,-0.687187,1.50519-0.767006,-0.212092,1.32719-0.408844,0.267894,1.36370.209704,-0.207201,1.5417
1.41275,0.129724,0.404624,-0.148458,-0.687187,1.50519-0.767006,-0.212092,1.32719-0.408844,0.267894,1.36370.209704,-0.207201,1.5417
1.41064,0.186023,0.370396,-0.148458,-0.687187,1.50519-0.767006,-0.212092,1.32719-0.408844,0.267894,1.36370.209704,-0.207201,1.5417
1.41435,0.282181,0.287612,-0.148458,-0.687187,1.50519-0.767006,-0.212092,1.32719-0.408844,0.267894,1.36370.209704,-0.207201,1.5417
1.41267,0.392736,0.212179,-0.148458,-0.687187,1.50519-0.767006,-0.212092,1.32719-0.408844,0.267894,1.36370.209704,-0.207201,1.5417
1.40434,0.423621,0.217212,-0.148458,-0.687187,1.50519-0.767006,-0.212092,1.32719-0.408844,0.267894,1.36370.209704,-0.207201,1.5417
1.36442,0.498342,0.295008,-0.148458,-0.687187,1.50519-0.767006,-0.212092,1.32719-0.408844,0.267894,1.36370.209704,-0.207201,1.5417
1.31255,0.596019,0.395661,-0.148458,-0.687187,1.50519-0.767006,-0.212092,1.32719-0.408844,0.267894,1.36370.209704,-0.207201,1.5417
1.30246,0.609322,0.419439,-0.148458,-0.687187,1.50519-0.767006,-0.212092,1.32719-0.408844,0.267894,1.36370.209704,-0.207201,1.5417
1.28562,0.631344,0.459199,-0.148458,-0.687187,1.50519-0.767006,-0.212092,1.32719-0.408844,0.267894,1.36370.209704,-0.207201,1.5417
1.2227,0.753507,0.578598,-0.148458,-0.687187,1.50519-0.767006,-0.212092,1.32719-0.408844,0.267894,1.36370.209704,-0.207201,1.5417
1.20064,0.773921,0.636892,-0.148458,-0.687187,1.50519-0.767006,-0.212092,1.32719-0.408844,0.267894,1.36370.209704,-0.207201,1.5417
1.19966,0.656602,0.726092,-0.148458,-0.687187,1.50519-0.767006,-0.212092,1.32719-0.408844,0.267894,1.36370.209704,-0.207201,1.5417
1.19723,0.596962,0.777854,-0.148458,-0.687187,1.50519-0.767006,-0.212092,1.32719-0.408844,0.267894,1.36370.209704,-0.207201,1.5417
1.19516,0.524609,0.837737,-0.148458,-0.687187,1.50519-0.767006,-0.212092,1.32719-0.408844,0.267894,1.36370.209704,-0.207201,1.5417
1.19006,0.411131,0.937814,-0.148458,-0.687187,1.50519-0.767006,-0.212092,1.32719-0.408844,0.267894,1.36370.209704,-0.207201,1.5417
1.19196,0.348549,0.977384,-0.148458,-0.687187,1.50519-0.767006,-0.212092,1.32719-0.408844,0.267894,1.36370.209704,-0.207201,1.5417
1.19189,0.277623,1.02958,-0.148458,-0.687187,1.50519-0.767006,-0.212092,1.32719-0.408844,0.267894,1.36370.209704,-0.207201,1.5417
1.18368,0.21937,1.09951,-0.148458,-0.687187,1.50519-0.767006,-0.212092,1.32719-0.408844,0.267894,1.36370.209704,-0.207201,1.5417
1.18565,0.187805,1.1161,-0.148458,-0.687187,1.50519-0.767006,-0.212092,1.32719-0.408844,0.267894,1.36370.209704,-0.207201,1.5417
1.1914,0.148854,1.12553,-0.148458,-0.687187,1.50519-0.767006,-0.212092,1.32719-0.408844,0.267894,1.36370.209704,-0.207201,1.5417
1.19629,0.123713,1.1277,-0.148458,-0.687187,1.50519-0.767006,-0.212092,1.32719-0.408844,0.267894,1.36370.209704,-0.207201,1.5417
1.22212,0.0833356,1.07155,-0.148458,-0.687187,1.50519-0.767006,-0.212092,1.32719-0.408844,0.267894,1.36370.209704,-0.207201,1.5417
1.24488,0.0509606,1.01968,-0.148458,-0.687187,1.50519-0.767006,-0.212092,1.32719-0.408844,0.267894,1.36370.209704,-0.207201,1.5417
1.26991,0.0104083,0.966287,-0.148458,-0.687187,1.50519-0.767006,-0.212092,1.32719-0.408844,0.267894,1.36370.209704,-0.207201,1.5417
1.29761,-0.043425,0.913785,-0.148458,-0.687187,1.50519-0.767006,-0.212092,1.32719-0.408844,0.267894,1.36370.209704,-0.207201,1.5417
1.33736,-0.118921,0.837108,-0.148458,-0.687187,1.50519-0.767006,-0.212092,1.32719-0.408844,0.267894,1.36370.209704,-0.207201,1.5417
1.35495,-0.138025,0.792696,-0.148458,-0.687187,1.50519-0.767006,-0.212092,1.32719-0.408844,0.267894,1.36370.209704,-0.207201,1.5417
1.39804,-0.208565,0.701324,-0.148458,-0.687187,1.50519-0.767006,-0.212092,1.32719-0.408844,0.267894,1.36370.209704,-0.207201,1.5417
1.40586,-0.202693,0.671054,-0.148458,-0.687187,1.50519-0.767006,-0.212092,1.32719-0.408844,0.267894,1.36370.209704,-0.207201,1.5417
1.40763,-0.103758,0.592695,-0.148458,-0.687187,1.50519-0.767006,-0.212092,1.32719-0.408844,0.267894,1.36370.209704,-0.207201,1.5417
1.40421,-0.0551893,0.568471,-0.148458,-0.687187,1.50519-0.767006,-0.212092,1.32719-0.408844,0.267894,1.36370.209704,-0.207201,1.5417
1.41771,0.399101,0.197179,-0.14863,-0.687161,1.50609-0.766878,-0.212216,1.32665-0.408735,0.267784,1.363170.209513,-0.207161,1.54261
1.4077,0.427051,0.20944,-0.14863,-0.687161,1.50609-0.766878,-0.212216,1.32665-0.408735,0.267784,1.363170.209513,-0.207161,1.54261
1.35983,0.511038,0.304202,-0.14863,-0.687161,1.50609-0.766878,-0.212216,1.32665-0.408735,0.267784,1.363170.209513,-0.207161,1.54261
1.31851,0.584085,0.385636,-0.14863,-0.687161,1.50609-0.766878,-0.212216,1.32665-0.408735,0.267784,1.363170.209513,-0.207161,1.54261
1.31241,0.596748,0.396285,-0.14863,-0.687161,1.50609-0.766878,-0.212216,1.32665-0.408735,0.267784,1.363170.209513,-0.207161,1.54261
1.30393,0.607209,0.416286,-0.14863,-0.687161,1.50609-0.766878,-0.212216,1.32665-0.408735,0.267784,1.363170.209513,-0.207161,1.54261
1.25222,0.689393,0.524909,-0.14863,-0.687161,1.50609-0.766878,-0.212216,1.32665-0.408735,0.267784,1.363170.209513,-0.207161,1.54261
1.20336,0.772632,0.623496,-0.14863,-0.687161,1.50609-0.766878,-0.212216,1.32665-0.408735,0.267784,1.363170.209513,-0.207161,1.54261
1.19946,0.679432,0.704222,-0.14863,-0.687161,1.50609-0.766878,-0.212216,1.32665-0.408735,0.267784,1.363170.209513,-0.207161,1.54261
1.19862,0.585257,0.775722,-0.14863,-0.687161,1.50609-0.766878,-0.212216,1.32665-0.408735,0.267784,1.363170.209513,-0.207161,1.54261
1.19677,0.536502,0.817317,-0.14863,-0.687161,1.50609-0.766878,-0.212216,1.32665-0.408735,0.267784,1.363170.209513,-0.207161,1.54261
1.19497,0.492202,0.855537,-0.14863,-0.687161,1.50609-0.766878,-0.212216,1.32665-0.408735,0.267784,1.363170.209513,-0.207161,1.54261
1.19679,0.446626,0.882857,-0.14863,-0.687161,1.50609-0.766878,-0.212216,1.32665-0.408735,0.267784,1.363170.209513,-0.207161,1.54261
1.19417,0.393262,0.930359,-0.14863,-0.687161,1.50609-0.766878,-0.212216,1.32665-0.408735,0.267784,1.363170.209513,-0.207161,1.54261
1.18716,0.355378,0.980888,-0.14863,-0.687161,1.50609-0.766878,-0.212216,1.32665-0.408735,0.267784,1.363170.209513,-0.207161,1.54261
1.18702,0.275004,1.04001,-0.14863,-0.687161,1.50609-0.766878,-0.212216,1.32665-0.408735,0.267784,1.363170.209513,-0.207161,1.54261
1.18727,0.219508,1.0797,-0.14863,-0.687161,1.50609-0.766878,-0.212216,1.32665-0.408735,0.267784,1.363170.209513,-0.207161,1.54261
1.1862,0.181732,1.11074,-0.14863,-0.687161,1.50609-0.766878,-0.212216,1.32665-0.408735,0.267784,1.363170.209513,-0.207161,1.54261
1.18896,0.16499,1.11399,-0.14863,-0.687161,1.50609-0.766878,-0.212216,1.32665-0.408735,0.267784,1.363170.209513,-0.207161,1.54261
1.19046,0.154999,1.11637,-0.14863,-0.687161,1.50609-0.766878,-0.212216,1.32665-0.408735,0.267784,1.363170.209513,-0.207161,1.54261
1.20138,0.111547,1.11249,-0.14863,-0.687161,1.50609-0.766878,-0.212216,1.32665-0.408735,0.267784,1.363170.209513,-0.207161,1.54261
1.23698,0.0590102,1.03475,-0.14863,-0.687161,1.50609-0.766878,-0.212216,1.32665-0.408735,0.267784,1.363170.209513,-0.207161,1.54261
1.26305,0.0189216,0.979003,-0.14863,-0.687161,1.50609-0.766878,-0.212216,1.32665-0.408735,0.267784,1.363170.209513,-0.207161,1.54261
1.28562,-0.0157425,0.930723,-0.14863,-0.687161,1.50609-0.766878,-0.212216,1.32665-0.408735,0.267784,1.363170.209513,-0.207161,1.54261
1.30443,-0.0425617,0.88897,-0.14863,-0.687161,1.50609-0.766878,-0.212216,1.32665-0.408735,0.267784,1.363170.209513,-0.207161,1.54261
1.32583,-0.0830233,0.848708,-0.14863,-0.687161,1.50609-0.766878,-0.212216,1.32665-0.408735,0.267784,1.363170.209513,-0.207161,1.54261
1.34579,-0.112929,0.805468,-0.14863,-0.687161,1.50609-0.766878,-0.212216,1.32665-0.408735,0.267784,1.363170.209513,-0.207161,1.54261
1.38848,-0.188326,0.721293,-0.14863,-0.687161,1.50609-0.766878,-0.212216,1.32665-0.408735,0.267784,1.363170.209513,-0.207161,1.54261
1.39696,-0.203666,0.704828,-0.14863,-0.687161,1.50609-0.766878,-0.212216,1.32665-0.408735,0.267784,1.363170.209513,-0.207161,1.54261
1.40251,-0.135542,0.636997,-0.14863,-0.687161,1.50609-0.766878,-0.212216,1.32665-0.408735,0.267784,1.363170.209513,-0.207161,1.54261
1.40909,-0.0746515,0.571107,-0.14863,-0.687161,1.50609-0.766878,-0.212216,1.32665-0.408735,0.267784,1.363170.209513,-0.207161,1.54261
1.40501,-0.00877309,0.536311,-0.14863,-0.687161,1.50609-0.766878,-0.212216,1.32665-0.408735,0.267784,1.363170.209513,-0.207161,1.54261
1.40658,0.0302496,0.502712,-0.14863,-0.687161,1.50609-0.766878,-0.212216,1.32665-0.408735,0.267784,1.363170.209513,-0.207161,1.54261
1.40702,0.0768999,0.467233,-0.14863,-0.687161,1.50609-0.766878,-0.212216,1.32665-0.408735,0.267784,1.363170.209513,-0.207161,1.54261
1.4054,0.137313,0.428428,-0.14863,-0.687161,1.50609-0.766878,-0.212216,1.32665-0.408735,0.267784,1.363170.209513,-0.207161,1.54261
1.41177,0.191516,0.368077,-0.14863,-0.687161,1.50609-0.766878,-0.212216,1.32665-0.408735,0.267784,1.363170.209513,-0.207161,1.54261
1.41701,0.21742,0.332096,-0.14863,-0.687161,1.50609-0.766878,-0.212216,1.32665-0.408735,0.267784,1.363170.209513,-0.207161,1.54261
1.41302,0.278899,0.300232,-0.14863,-0.687161,1.50609-0.766878,-0.212216,1.32665-0.408735,0.267784,1.363170.209513,-0.207161,1.54261
1.41589,0.360438,0.23134,-0.14863,-0.687161,1.50609-0.766878,-0.212216,1.32665-0.408735,0.267784,1.363170.209513,-0.207161,1.54261
